"","from","to","arrows"
"1",1,8,"to"
"2",2,34,"to"
"3",3,99,"to"
"4",4,262,"to"
"5",5,191,"to"
"6",6,217,"to"
"7",7,159,"to"
"8",8,1,"to"
"9",9,177,"to"
"10",10,13,"to"
"11",11,213,"to"
"12",12,239,"to"
"13",13,10,"to"
"14",14,372,"to"
"15",15,306,"to"
"16",16,294,"to"
"17",17,96,"to"
"18",18,188,"to"
"19",19,379,"to"
"20",20,242,"to"
"21",21,66,"to"
"22",22,176,"to"
"23",23,215,"to"
"24",24,8,"to"
"25",25,221,"to"
"26",26,275,"to"
"27",27,321,"to"
"28",28,79,"to"
"29",29,94,"to"
"30",30,88,"to"
"31",31,238,"to"
"32",32,226,"to"
"33",33,106,"to"
"34",34,16,"to"
"35",35,300,"to"
"36",36,270,"to"
"37",37,365,"to"
"38",38,42,"to"
"39",39,360,"to"
"40",40,101,"to"
"41",41,136,"to"
"42",42,83,"to"
"43",43,96,"to"
"44",44,13,"to"
"45",45,223,"to"
"46",46,152,"to"
"47",47,326,"to"
"48",48,360,"to"
"49",49,304,"to"
"50",50,336,"to"
"51",51,289,"to"
"52",52,14,"to"
"53",53,253,"to"
"54",54,350,"to"
"55",55,158,"to"
"56",56,151,"to"
"57",57,232,"to"
"58",58,124,"to"
"59",59,64,"to"
"60",60,349,"to"
"61",61,278,"to"
"62",62,209,"to"
"63",63,330,"to"
"64",64,59,"to"
"65",65,331,"to"
"66",66,21,"to"
"67",67,285,"to"
"68",68,375,"to"
"69",69,293,"to"
"70",70,155,"to"
"71",71,271,"to"
"72",72,146,"to"
"73",73,84,"to"
"74",74,163,"to"
"75",75,25,"to"
"76",76,300,"to"
"77",77,317,"to"
"78",78,194,"to"
"79",79,347,"to"
"80",80,238,"to"
"81",81,271,"to"
"82",82,112,"to"
"83",83,99,"to"
"84",84,73,"to"
"85",85,112,"to"
"86",86,268,"to"
"87",87,307,"to"
"88",88,30,"to"
"89",89,239,"to"
"90",90,268,"to"
"91",91,85,"to"
"92",92,303,"to"
"93",93,160,"to"
"94",94,29,"to"
"95",95,349,"to"
"96",96,43,"to"
"97",97,153,"to"
"98",98,297,"to"
"99",99,83,"to"
"100",100,23,"to"
"101",101,119,"to"
"102",102,349,"to"
"103",103,116,"to"
"104",104,170,"to"
"105",105,240,"to"
"106",106,33,"to"
"107",107,261,"to"
"108",108,57,"to"
"109",109,26,"to"
"110",110,257,"to"
"111",111,376,"to"
"112",112,85,"to"
"113",113,212,"to"
"114",114,178,"to"
"115",115,228,"to"
"116",116,103,"to"
"117",117,326,"to"
"118",118,347,"to"
"119",119,101,"to"
"120",120,173,"to"
"121",121,135,"to"
"122",122,189,"to"
"123",123,344,"to"
"124",124,58,"to"
"125",125,351,"to"
"126",126,191,"to"
"127",127,138,"to"
"128",128,337,"to"
"129",129,243,"to"
"130",130,239,"to"
"131",131,332,"to"
"132",132,46,"to"
"133",133,160,"to"
"134",134,203,"to"
"135",135,121,"to"
"136",136,41,"to"
"137",137,75,"to"
"138",138,127,"to"
"139",139,102,"to"
"140",140,343,"to"
"141",141,332,"to"
"142",142,214,"to"
"143",143,215,"to"
"144",144,334,"to"
"145",145,113,"to"
"146",146,246,"to"
"147",147,168,"to"
"148",148,193,"to"
"149",149,185,"to"
"150",150,304,"to"
"151",151,56,"to"
"152",152,46,"to"
"153",153,97,"to"
"154",154,17,"to"
"155",155,70,"to"
"156",156,350,"to"
"157",157,160,"to"
"158",158,276,"to"
"159",159,7,"to"
"160",160,157,"to"
"161",161,203,"to"
"162",162,186,"to"
"163",163,220,"to"
"164",164,94,"to"
"165",165,245,"to"
"166",166,230,"to"
"167",167,336,"to"
"168",168,147,"to"
"169",169,94,"to"
"170",170,355,"to"
"171",171,206,"to"
"172",172,202,"to"
"173",173,120,"to"
"174",174,55,"to"
"175",175,1,"to"
"176",176,22,"to"
"177",177,267,"to"
"178",178,114,"to"
"179",179,89,"to"
"180",180,178,"to"
"181",181,126,"to"
"182",182,201,"to"
"183",183,194,"to"
"184",184,244,"to"
"185",185,149,"to"
"186",186,162,"to"
"187",187,358,"to"
"188",188,207,"to"
"189",189,337,"to"
"190",190,5,"to"
"191",191,5,"to"
"192",192,285,"to"
"193",193,361,"to"
"194",194,183,"to"
"195",195,249,"to"
"196",196,23,"to"
"197",197,374,"to"
"198",198,237,"to"
"199",199,376,"to"
"200",200,163,"to"
"201",201,15,"to"
"202",202,172,"to"
"203",203,326,"to"
"204",204,1,"to"
"205",205,359,"to"
"206",206,171,"to"
"207",207,188,"to"
"208",208,318,"to"
"209",209,62,"to"
"210",210,329,"to"
"211",211,298,"to"
"212",212,218,"to"
"213",213,307,"to"
"214",214,142,"to"
"215",215,143,"to"
"216",216,306,"to"
"217",217,6,"to"
"218",218,212,"to"
"219",219,145,"to"
"220",220,163,"to"
"221",221,25,"to"
"222",222,2,"to"
"223",223,45,"to"
"224",224,281,"to"
"225",225,259,"to"
"226",226,32,"to"
"227",227,355,"to"
"228",228,182,"to"
"229",229,197,"to"
"230",230,370,"to"
"231",231,153,"to"
"232",232,57,"to"
"233",233,378,"to"
"234",234,10,"to"
"235",235,286,"to"
"236",236,72,"to"
"237",237,198,"to"
"238",238,31,"to"
"239",239,12,"to"
"240",240,105,"to"
"241",241,34,"to"
"242",242,20,"to"
"243",243,129,"to"
"244",244,184,"to"
"245",245,290,"to"
"246",246,146,"to"
"247",247,218,"to"
"248",248,221,"to"
"249",249,370,"to"
"250",250,189,"to"
"251",251,125,"to"
"252",252,275,"to"
"253",253,53,"to"
"254",254,190,"to"
"255",255,13,"to"
"256",256,234,"to"
"257",257,110,"to"
"258",258,274,"to"
"259",259,225,"to"
"260",260,331,"to"
"261",261,378,"to"
"262",262,4,"to"
"263",263,319,"to"
"264",264,322,"to"
"265",265,153,"to"
"266",266,327,"to"
"267",267,177,"to"
"268",268,86,"to"
"269",269,22,"to"
"270",270,77,"to"
"271",271,71,"to"
"272",272,310,"to"
"273",273,371,"to"
"274",274,258,"to"
"275",275,252,"to"
"276",276,158,"to"
"277",277,175,"to"
"278",278,141,"to"
"279",279,64,"to"
"280",280,75,"to"
"281",281,224,"to"
"282",282,211,"to"
"283",283,152,"to"
"284",284,172,"to"
"285",285,192,"to"
"286",286,235,"to"
"287",287,225,"to"
"288",288,154,"to"
"289",289,51,"to"
"290",290,245,"to"
"291",291,330,"to"
"292",292,347,"to"
"293",293,69,"to"
"294",294,16,"to"
"295",295,135,"to"
"296",296,67,"to"
"297",297,98,"to"
"298",298,142,"to"
"299",299,220,"to"
"300",300,35,"to"
"301",301,128,"to"
"302",302,125,"to"
"303",303,231,"to"
"304",304,49,"to"
"305",305,344,"to"
"306",306,15,"to"
"307",307,213,"to"
"308",308,376,"to"
"309",309,189,"to"
"310",310,187,"to"
"311",311,177,"to"
"312",312,203,"to"
"313",313,92,"to"
"314",314,285,"to"
"315",315,218,"to"
"316",316,58,"to"
"317",317,77,"to"
"318",318,208,"to"
"319",319,192,"to"
"320",320,377,"to"
"321",321,27,"to"
"322",322,333,"to"
"323",323,220,"to"
"324",324,305,"to"
"325",325,338,"to"
"326",326,117,"to"
"327",327,266,"to"
"328",328,240,"to"
"329",329,113,"to"
"330",330,291,"to"
"331",331,260,"to"
"332",332,41,"to"
"333",333,232,"to"
"334",334,32,"to"
"335",335,132,"to"
"336",336,50,"to"
"337",337,128,"to"
"338",338,325,"to"
"339",339,88,"to"
"340",340,338,"to"
"341",341,300,"to"
"342",342,280,"to"
"343",343,140,"to"
"344",344,123,"to"
"345",345,353,"to"
"346",346,281,"to"
"347",347,292,"to"
"348",348,99,"to"
"349",349,102,"to"
"350",350,156,"to"
"351",351,125,"to"
"352",352,376,"to"
"353",353,204,"to"
"354",354,175,"to"
"355",355,227,"to"
"356",356,246,"to"
"357",357,39,"to"
"358",358,187,"to"
"359",359,205,"to"
"360",360,39,"to"
"361",361,193,"to"
"362",362,149,"to"
"363",363,356,"to"
"364",364,9,"to"
"365",365,37,"to"
"366",366,50,"to"
"367",367,316,"to"
"368",368,267,"to"
"369",369,325,"to"
"370",370,249,"to"
"371",371,273,"to"
"372",372,14,"to"
"373",373,161,"to"
"374",374,197,"to"
"375",375,68,"to"
"376",376,352,"to"
"377",377,320,"to"
"378",378,233,"to"
"379",379,19,"to"
